features,r2_mean,r2_std,n_features
series (OHE),0.03733449442261021,0.005987364158628261,15
geo_cluster (OHE),0.12561438634858105,0.01015650304378568,8
condition (OHE),0.3118799873113355,0.01822902775480367,6
address hash 1024,0.3432012373716245,0.024364055340418054,1024
geo+series+cond,0.4406750941181188,0.020153131219782235,29
hash + geo+series+cond,0.5637941076011288,0.025763230093425387,1053
